RA,Dec,Distance
70.56375,-20.42163888888889,19.0
234.09999999999997,22.501666666666665,62.6
212.87241666666665,-5.043583333333333,38.0
190.73616666666663,13.2565,19.7
318.0870833333333,12.610277777777778,72.58
346.2289999999999,12.305583333333335,31.0
191.29099999999997,-6.3173055555555555,49.1
261.75833333333327,29.475,99.0
300.035875,-55.36752777777778,54.0
209.2025,37.79208333333333,45.269
342.1708333333333,8.17,60.36
210.85166666666666,-6.0725,35.0
50.19025,-1.046388888888889,96.025
60.70691666666666,1.9740000000000002,46.0
186.26541666666662,12.871,17.5
200.9332083333333,31.56413888888889,71.7
55.376958333333334,-4.66375,68.0
164.00920833333333,57.11336111111111,29.0
140.12654166666667,-16.500527777777776,76.2
239.64508333333333,17.45797222222222,38.0
188.54249999999996,2.6656666666666666,12.6
195.25583333333333,-14.507777777777777,45.0
54.11420833333333,-34.95872222222223,17.5
201.04104166666667,-23.878805555555555,96.0
264.43541666666664,12.905833333333334,98.08
311.4853749999999,-51.394416666666665,55.0
46.316874999999996,-39.55961111111111,77.0
36.979708333333335,20.32922222222222,62.6
20.493499999999997,-34.21208333333334,71.0
159.077375,37.32116666666667,27.0
197.51749999999996,-46.44175,42.0
190.70387499999995,10.360055555555554,79.0
45.506249999999994,42.581388888888895,62.305
22.453791666666664,-1.9769722222222224,70.0
77.00295833333332,-37.48833333333334,11.0
145.099125,14.936444444444446,56.932
208.20974999999999,-30.70647222222222,95.0
344.47024999999996,-35.85744444444445,19.0
356.067875,10.768638888888889,22.0
52.85170833333332,39.75075,90.0
137.58166666666665,7.027833333333334,26.0
51.205791666666656,-3.042638888888889,37.0
161.7580833333333,17.275222222222222,26.5
44.15725,-33.912055555555554,99.0
188.50997916666662,7.701583333333334,11.4
187.78587499999998,0.6054444444444445,94.0
187.84104166666665,29.134444444444444,64.0
196.23387499999998,-7.947694444444445,22.0
41.45345833333332,3.2305833333333336,74.0
147.73320833333332,33.552611111111105,27.0
11.959,29.95975,76.2
71.33849999999998,11.067361111111111,55.0
145.22813749999997,5.1406,30.0
117.9864583333333,73.00961111111111,38.1
17.748041666666666,33.14505555555556,62.0
214.60587499999997,36.494083333333336,32.0
197.7422083333333,37.05983333333333,14.0
206.74158333333332,60.97025,27.0
93.96958333333333,64.43,62.6
27.09525,11.520861111111111,57.0
102.99166666666665,16.29527777777778,39.76
94.05433333333332,57.05277777777778,59.0
89.60291666666666,68.45294444444444,62.6
337.74691666666666,-13.997472222222221,57.0
208.2192083333333,2.8083888888888886,69.41
199.5047083333333,-26.845916666666664,21.0
144.18674999999996,-21.147694444444443,30.0
191.72395833333331,-11.642555555555555,30.0
154.2722083333333,73.38391666666668,38.4
200.17666666666668,-22.03675,20.0
212.49066666666664,17.542305555555558,72.0
203.83654166666665,-34.20322222222222,85.0
6.321958333333333,12.885055555555555,58.0
289.58675,-60.495,58.1
111.67708333333331,47.093333333333334,44.0
38.52699999999999,32.93705555555555,67.1
345.01237499999996,15.980694444444445,26.0
101.90874999999998,74.4975,56.0
64.47237499999999,-56.61627777777778,99.0
191.3808333333333,54.738055555555555,66.0
192.19683333333333,41.924527777777776,90.0
107.07137499999999,46.11508333333334,85.3
179.10779166666663,55.12866666666667,20.7
187.32833333333332,-23.164027777777775,27.0
268.71141666666665,18.330694444444443,41.3
161.6917083333333,11.835416666666667,9.9
173.97666666666666,70.53611111111111,35.0
326.901,-13.181194444444444,70.0
253.73045833333327,-72.58999999999999,72.0
210.74699999999996,34.74841666666667,18.0
12.028666666666666,27.624583333333334,66.0
197.59937499999995,-16.935583333333334,36.1
348.66795833333333,4.53725,31.0
30.27883333333333,-6.818,60.81
3.6339999999999995,-0.736361111111111,48.0
21.558208333333333,-6.103888888888888,23.0
287.8490833333333,-50.64041666666667,41.0
85.55008333333333,69.37397222222222,79.0
103.2754583333333,50.03947222222222,85.0
15.861958333333332,32.23677777777778,58.0
339.8762083333333,8.605722222222221,98.0
288.802875,-54.11380555555556,40.6
106.00020833333332,50.675,95.8
24.32333333333333,5.880722222222222,37.4
275.6558333333333,15.702333333333332,67.0
126.92512499999998,21.487444444444446,64.0
241.81254166666662,7.972333333333333,34.0
125.91083333333331,18.305666666666667,82.12
163.69570833333333,61.288888888888884,77.166
260.6697083333333,60.00358333333333,83.758
140.4669583333333,51.00183333333333,13.1
187.983375,14.426472222222221,11.0
211.63041666666663,-5.446944444444445,37.0
5.006083333333333,-6.334333333333333,41.0
263.84566666666666,60.813694444444444,54.0
227.868375,13.484916666666665,99.2662
22.862166666666663,14.284916666666666,56.0
343.3744583333333,31.64525,98.676
38.49866666666666,20.975111111111108,47.0
94.06733333333332,-21.36938888888889,16.0
334.03916666666663,-36.842083333333335,41.0
20.739083333333333,33.46611111111111,54.0
84.13166666666665,16.638277777777777,70.0
195.56808333333333,78.5415,99.637
129.60254166666664,25.759194444444443,76.0
146.08229166666663,-21.27361111111111,29.0
157.33029166666665,26.105333333333334,80.8
182.29712499999997,29.276305555555556,58.1
192.6095,25.471249999999998,12.0
9.909583333333332,14.664166666666667,76.2
106.41970833333332,50.58625,76.0
185.3130833333333,-21.998805555555556,91.0
203.84574999999998,-34.16027777777778,88.0
121.28937499999999,66.78755555555556,66.0
287.86454166666664,-57.053916666666666,49.1
183.24762499999994,7.300166666666667,32.0
269.4184166666666,27.832805555555556,93.0
183.92516666666663,61.890166666666666,91.003
356.8545833333333,28.387722222222223,95.0
21.192458333333327,9.508694444444444,28.0
16.848,32.406444444444446,60.0
274.7457083333333,16.248166666666666,67.281
287.85912499999995,-50.64013888888889,41.0
15.433499999999997,-15.569194444444443,84.3772
309.307375,66.09727777777778,24.0
349.8545416666666,5.906083333333334,91.733
108.87449999999998,23.428444444444445,89.0
7.300375,33.10819444444444,71.7
241.29937499999994,69.66430555555556,90.0
184.84587499999998,5.827916666666667,29.0
270.391625,26.25063888888889,63.0
128.8285833333333,28.468277777777775,21.0
277.6064583333333,34.103611111111114,92.7279
288.4447916666666,-59.28966666666666,52.0
104.90041666666666,59.51711111111111,48.64
321.49662499999994,-3.8129999999999997,43.7
281.57433333333324,-65.76161111111111,57.0
257.76075,5.840777777777777,97.0
191.8757083333333,-39.58002777777778,58.0
358.3865833333333,8.11738888888889,70.0
307.72533333333325,-0.6574722222222222,82.0
320.2572083333333,9.180666666666665,93.0291
28.91895833333333,-29.922416666666667,65.109
26.146749999999997,37.69713888888889,68.0
178.43841666666665,52.349111111111114,17.0
177.2708333333333,-9.73636111111111,86.49
67.68791666666665,0.871638888888889,58.1
27.96283333333333,6.2909444444444444,74.4
112.77462499999999,59.477444444444444,56.75
56.1275,-44.639833333333335,15.0
21.345416666666665,34.02513888888889,64.0
74.25108333333333,-4.761166666666667,56.0
148.33641666666665,42.84541666666667,53.0
144.48791666666665,25.494805555555555,64.0
320.17708333333326,44.39811111111111,48.0
133.0690833333333,-17.741611111111112,25.118
137.38825,50.28091666666666,70.0
88.85891666666666,51.9095,86.627
333.9113333333333,37.29888888888889,86.718
336.29341666666664,42.71783333333334,82.666
174.20345833333332,-8.585277777777778,68.187
159.992,24.090555555555554,97.0
179.353875,25.2025,59.0
153.92629166666666,55.668527777777776,98.0
203.2265,9.521666666666668,92.0
77.94337499999999,-15.136333333333333,53.6
154.52712499999998,21.82825,22.4
169.82583333333332,20.806416666666667,94.0
199.62625,-14.608833333333333,42.98
259.14833333333326,-10.342166666666667,76.2
267.57741666666664,-59.56433333333333,58.1
305.8934166666666,58.3465,48.0
193.63041666666663,-6.856888888888888,57.0
211.65662499999996,-5.439416666666667,37.0
281.7498333333333,45.70547222222223,50.0
154.51533333333333,21.835055555555556,22.4
198.25141666666664,-19.51908333333333,37.0
274.4313333333333,22.248166666666666,83.167
335.2248333333333,33.29269444444444,57.0
299.05366666666663,40.43633333333333,71.0
352.12549999999993,22.427444444444447,49.0
342.75416666666666,31.373055555555556,99.0
36.53520833333334,31.912555555555553,75.0
314.12537499999996,-18.559527777777777,95.0
257.87449999999995,7.995777777777778,34.0
50.94679166666666,40.56486111111111,75.0
302.12924999999996,-25.460416666666667,54.0
29.453749999999996,36.34063888888889,68.0
50.52379166666666,-15.40088888888889,32.0
28.943999999999992,46.805388888888885,95.842
343.5895416666666,-45.340805555555555,35.0
204.61491666666663,-10.72025,99.0
311.82741666666664,0.31266666666666665,62.0
171.16716666666665,38.7675,32.0
140.54545833333333,33.836333333333336,89.0
1.7044166666666667,8.63013888888889,78.6422
334.86999999999995,29.38458333333333,62.0
154.85499999999996,-5.654027777777778,80.801
219.56841666666662,40.45388888888889,40.91
142.67341666666667,-14.78202777777778,27.0
99.31379166666666,49.852833333333336,86.67
161.6534166666667,13.758944444444445,43.0
167.59037499999997,23.41413888888889,92.326
153.56654166666664,3.4673611111111113,22.0
122.29637499999998,57.68722222222222,76.0
144.72299999999998,-4.851416666666666,99.4949
311.8231666666667,0.3118888888888889,62.0
218.64916666666664,59.33438888888889,33.0
32.334291666666665,-23.41472222222222,57.0
320.2805833333333,23.084944444444442,71.7
77.88745833333333,17.05788888888889,77.302
116.32470833333332,-71.41036111111111,80.8
9.636124999999998,-24.34263888888889,58.1
358.4749583333333,7.956583333333334,58.0
343.33616666666666,32.132666666666665,78.0
36.90983333333333,-1.1598333333333333,19.0
308.2463333333333,9.872027777777777,70.1209
42.24329166666666,3.1687777777777777,55.0
46.03883333333333,-26.085416666666667,20.7
86.69570833333333,-16.7835,31.826
87.03274999999998,46.25633333333333,90.0
49.96920833333333,-26.064027777777778,12.0
88.92158333333333,85.90602777777778,82.58
11.246999999999998,-8.886527777777777,86.946
53.88879166666666,5.064638888888889,96.025
146.61945833333334,45.751305555555554,71.7
233.0079583333333,68.24330555555555,98.173
91.14758333333332,-12.628555555555556,32.882
56.27362499999999,20.760916666666667,81.21
146.70616666666666,16.04377777777778,87.0
133.64416666666665,57.17216666666666,75.94
199.24241666666666,-16.631305555555556,19.0
281.9319583333333,-63.1485,50.0
175.24099999999999,-22.481555555555556,100.0
70.51962499999999,-7.202277777777778,71.7
174.92575,31.90883333333333,41.0
170.25637499999996,21.33983333333333,98.0
183.80033333333333,-3.438416666666667,57.0
187.7825,0.6132222222222222,94.0
306.27641666666665,-24.81491666666667,34.0
225.94479166666665,-3.3045555555555555,95.3306
325.88683333333324,43.692499999999995,79.937
205.95216666666664,-29.74977777777778,61.582
232.83233333333334,40.28113888888889,99.0
267.5599166666666,14.283194444444446,62.6
305.58849999999995,6.430638888888889,71.132
341.98283333333336,-22.327916666666667,49.54
238.92091666666664,47.86363888888889,89.361
283.8905,-53.723,35.0
30.551424999999995,-0.10058333333333334,84.45
64.05499999999999,-16.755694444444444,28.9
31.560916666666664,-37.334833333333336,94.4
308.2257916666667,9.928527777777777,54.0
329.2894166666666,-34.58091666666667,33.3
327.28254166666665,0.44422222222222224,63.0
305.6458333333333,-29.822416666666665,76.2
40.813541666666666,32.42377777777777,61.0
356.851875,28.389555555555557,95.0
308.7980833333333,64.80713888888889,41.05
270.69329166666665,-66.4315,46.0
133.060625,52.891777777777776,86.536
175.31233333333333,89.08627777777777,83.94
30.27670833333333,31.878944444444446,77.6292
159.84725,-27.91111111111111,49.1
194.91887499999999,-14.967333333333334,76.2
77.20170833333333,62.43908333333333,76.303
243.44045833333328,61.02386111111111,69.41
101.43124999999998,-31.23125,38.0
190.90216666666663,11.530777777777779,17.8
47.62754166666666,35.08394444444445,98.08
12.026599999999998,0.50018,99.45
49.228899999999996,-0.35597999999999996,51.79
36.512191666666666,0.261225,86.22
211.59296249999997,16.483447222222225,62.6
37.680208333333326,-2.9388333333333336,76.0
107.6365,75.35808333333333,55.0
207.5062375,-30.578394444444445,62.0
139.05195833333335,-16.304444444444446,33.0
162.01508333333334,-20.84922222222222,60.047
219.313,38.4564,54.8211
192.4209583333333,-11.0965,38.0
209.2702083333333,41.844944444444444,37.0
230.38799999999998,-7.449194444444445,25.0
199.50191666666666,-26.809194444444444,21.0
352.72324999999995,-2.938444444444445,76.2
185.5717083333333,12.397027777777778,96.208
29.728291666666664,36.67633333333333,70.0
325.59441666666663,-44.78922222222222,27.0
270.5973333333333,26.05213888888889,67.9784
64.40770833333333,-62.769305555555555,14.0
238.5138333333333,23.136083333333332,65.29
336.3868333333333,-24.238916666666668,100.0
34.66354166666666,-6.9030000000000005,75.486
205.26854166666666,67.67230555555555,39.0
73.579875,1.641,27.0
77.95316666666666,5.194166666666667,56.0
119.80808333333331,32.92213888888889,80.0
342.5035,11.61825,79.0
37.77054166666666,27.701805555555556,67.1
54.84891666666666,35.04694444444444,11.1
6.962041666666666,-1.1981388888888889,54.0
338.5305833333333,5.568416666666667,55.0
53.768125,-24.944111111111113,27.0
160.1181458333333,9.182538888888889,80.0
43.56654166666666,42.724944444444446,74.0
175.6092083333333,20.118055555555557,80.0
144.38649999999998,23.202777777777776,99.0
49.957833333333326,41.50516666666667,64.0
211.6417083333333,-5.461833333333334,37.0
212.12016666666665,7.057555555555555,69.0
27.690624999999997,21.759888888888888,34.0
190.4370833333333,35.06872222222223,92.0
76.07574999999999,-63.58258333333334,40.0
171.01441666666665,-12.291444444444444,71.0
350.29075,33.40033333333333,61.0
340.0670833333333,-66.48508333333334,44.0
226.13626249999996,35.96500833333334,28.9
300.06562499999995,-38.57175,85.3
279.9953333333333,39.98244444444445,100.0
202.5075,13.415777777777778,98.0
35.727624999999996,-21.241500000000002,16.0
356.77549999999997,29.48072222222222,77.302
320.0728333333333,-1.6843055555555555,84.0
184.81204166666663,22.42727777777778,90.0
193.141125,-9.775194444444445,37.993
50.67349999999999,-37.20366666666667,12.6
18.445208333333333,-31.741722222222222,86.946
355.44933333333324,-3.669,99.0833
49.30912499999999,-32.575500000000005,67.1
215.5477083333333,13.92061111111111,34.184
208.36937499999996,5.206333333333333,12.0
18.42125,-0.10177777777777779,77.257
31.08129166666667,-8.728388888888889,88.0
9.749041666666665,-9.015722222222223,91.0
36.43458333333332,41.942166666666665,100.0
10.690916666666665,-23.558444444444444,95.0
51.506208333333326,40.695138888888884,62.577
75.50533333333331,-21.131972222222224,63.0
166.82779166666666,76.69716666666667,77.12
88.15575,66.81680555555555,97.0
55.46033333333333,8.156944444444445,96.0
75.17495833333332,62.25527777777778,72.0
69.622875,44.03375,47.0
121.55162499999999,-27.56261111111111,14.2
50.67849999999999,-37.20791666666667,12.6
92.13016666666667,64.72363888888889,60.0
89.09795833333334,85.91077777777778,82.58
176.0002916666666,19.977305555555553,99.0
174.3045833333333,15.435361111111112,56.0
49.82458333333333,-12.105083333333333,67.1
8.288041666666667,-13.4545,94.4
29.565666666666665,36.349361111111115,71.132
185.7247083333333,15.80888888888889,16.0
6.319416666666666,12.886805555555554,58.0
215.58762499999997,-0.3937777777777778,19.0
191.97687499999998,54.010333333333335,51.34
149.82699999999997,-19.47383333333333,54.1449
239.09608333333333,16.516083333333334,78.0
141.90004166666665,-80.17755555555556,80.283
107.94212499999999,49.853722222222224,82.0
125.68024999999999,22.554694444444443,30.0
338.8795833333333,34.80183333333333,94.655
169.81927916666663,20.81352777777778,94.0
245.544125,-1.5142777777777778,74.8869
171.2595833333333,-9.798277777777777,20.0
202.77420833333332,-15.101833333333333,74.0
176.44104166666665,19.770527777777776,70.0
149.98233333333332,-29.617583333333332,28.0
357.41249999999997,29.93113888888889,66.0
159.43916666666667,-27.0825,33.8
36.643375,-15.843472222222223,75.0
359.21820833333334,5.5088333333333335,70.0
330.41849999999994,-21.508222222222223,52.0
191.76541666666662,-41.589444444444446,46.0
180.34758333333332,61.89272222222222,19.0
345.4495416666666,15.586500000000001,63.119
34.715416666666655,33.72869444444444,80.8
359.6559583333333,60.985194444444446,28.0
106.50374999999998,28.295944444444444,73.94
354.7018749999999,-6.522694444444444,19.0
181.142375,20.19172222222222,93.193
192.25520833333331,-9.452833333333333,64.0
54.712083333333325,-35.575,18.1
91.29470833333332,-49.29977777777778,95.0
358.55408333333327,27.409166666666664,90.32
27.470249999999997,-27.467805555555554,70.0
150.13025,4.407277777777778,57.0
165.79491666666667,56.22397222222222,22.556
180.47,-18.972694444444443,16.0
190.27529166666665,50.391305555555554,69.41
27.17695833333333,-48.649388888888886,95.34
24.572416666666665,35.370472222222226,70.0
155.44954166666665,-19.495,88.95
144.630125,-63.97377777777778,70.3475
128.97245833333332,0.7064166666666666,59.91
162.57079166666665,-12.108749999999999,68.775
104.29804166666666,20.43713888888889,76.5165
315.8734166666666,-67.1836388888889,46.39
198.75729166666665,-15.951888888888888,32.989
109.16145833333331,-62.31469444444444,49.54
215.29004166666664,-29.251361111111112,27.0
3.6639999999999993,-7.323194444444444,85.397
345.81899999999996,8.872166666666667,73.1129
14.137333333333332,-1.771111111111111,59.91
10.466833333333332,32.99033333333333,66.0
19.419499999999996,43.64413888888889,90.0
31.151125,47.93622222222222,74.624
42.926624999999994,42.83097222222222,80.574
285.9188333333333,-64.88919444444446,68.96
303.49983333333324,-44.35216666666667,86.22
49.68387499999999,41.48252777777778,48.552
50.077666666666666,41.36222222222222,45.0
294.1868333333333,-37.551249999999996,89.41
109.13583333333332,-29.32547222222222,27.958
154.23866666666666,73.41011111111112,38.4
157.23320833333332,-44.66544444444445,33.0
62.10283333333333,-47.896499999999996,18.0
353.71954166666666,18.226499999999998,20.0
6.679166666666665,-3.5981666666666667,60.36
51.79541666666666,46.94433333333333,88.5
36.373416666666664,41.84308333333333,77.7972
136.89191666666667,3.3922499999999998,60.7285
56.28520833333333,76.66541666666667,37.0
192.51087499999997,-14.715472222222221,58.56
38.60083333333333,-10.844027777777779,62.0
49.319374999999994,41.382666666666665,74.0
21.23845833333333,9.550416666666667,28.0
45.973749999999995,-11.994277777777777,57.5952
202.30349999999996,11.272361111111111,99.45
145.81354166666665,36.284416666666665,94.381
64.151625,2.7641666666666667,48.507
107.92004166666666,-26.685083333333335,38.49
162.8419583333333,8.578527777777778,99.45
185.6975,65.85111111111111,41.128
221.861,-30.65958333333333,99.91
47.23783333333333,70.55975,63.98
138.75008333333332,29.735305555555556,94.88
58.59512499999999,-19.181722222222223,67.0
237.80049999999997,25.70777777777778,97.076
177.267125,-9.729138888888889,86.3398
198.57324999999997,-42.980222222222224,52.8651
74.84816666666666,-11.130583333333334,57.6944
211.52416666666664,11.787194444444445,72.13
181.5957083333333,-44.45952777777778,46.39
341.0995833333333,-0.16166666666666665,59.0
246.2920833333333,40.88911111111111,72.0
33.0375,44.56527777777777,76.67
247.43424999999996,40.811611111111105,72.0
221.85762499999998,-30.650694444444444,99.91
213.90462499999995,14.280166666666668,83.03
315.3746249999999,-52.01672222222222,99.0
238.71224999999998,-68.71672222222223,93.97
309.6559166666666,-25.115555555555556,80.8
38.00129166666666,1.2481944444444446,99.0
44.59983333333333,6.593083333333333,94.88
10.142208333333333,3.5414166666666667,76.2
41.29333333333332,-4.713722222222223,44.0
73.32512499999999,-3.0165555555555557,68.5
39.54841666666666,-1.3125833333333334,33.0
190.96337499999998,-0.5817777777777777,39.0
53.341958333333324,-4.999,58.56
350.64716666666664,-13.095444444444444,95.0
299.4528333333333,-31.809833333333334,87.58
88.85679166666665,-76.92108333333334,45.0
88.83804166666665,-76.92244444444445,45.0
306.6084583333333,2.9089166666666664,73.94
57.434458333333325,-3.2644166666666665,57.65
45.745875,-14.817194444444445,82.12
120.49325,15.05963888888889,72.58
252.46454166666666,55.543277777777774,79.85
129.062875,28.067138888888888,51.79
194.70041666666665,27.67377777777778,93.0
65.69058333333332,-40.61336111111111,58.0
32.321416666666664,-23.412444444444443,57.0
159.36854166666666,-27.65525,67.1
163.58733333333333,-4.344194444444444,96.71
175.98304166666665,10.782,54.0
103.30062499999998,44.07127777777778,88.04
210.85266666666666,-6.058694444444444,35.0
161.75591666666665,26.543916666666668,94.3304
212.74466666666663,6.363305555555555,96.0
348.8207083333333,19.022916666666667,70.77
197.74562499999996,11.491472222222221,46.0
175.82799999999997,-12.879472222222223,73.94
220.59866666666665,-17.246750000000002,24.0
16.36333333333333,37.85305555555556,93.285
35.499916666666664,33.270472222222224,59.3195
321.633,12.1802,77.529
244.14191666666662,-0.5909444444444445,73.762
244.29587499999997,4.554083333333333,80.8
136.903125,3.394361111111111,56.0703
183.54708333333332,38.66133333333333,99.0
193.18666666666664,26.470277777777778,96.2764
226.477175,12.745369444444444,99.9204
305.5036666666666,-51.79625,88.0256
258.78895833333326,41.810916666666664,19.5
100.86216666666665,-69.63741666666667,67.1
137.6647083333333,50.380072222222225,75.5541
113.89703333333333,-62.770177777777775,50.5546
353.30791666666664,-60.569861111111116,66.3623
281.18475,-52.80152222222222,53.6
193.55479166666663,-7.649294444444444,62.6
177.971625,18.541944444444447,89.544
191.28791666666663,-0.459,22.663
16.704874999999998,-46.98332222222223,71.7
21.667566666666662,-57.99718611111111,80.8
174.62491666666665,-8.976608333333333,92.2076
18.377625,49.60969444444444,82.0428
113.23474999999998,64.91116666666667,62.1518
75.89625,1.5715555555555556,71.0137
186.54629166666666,7.668027777777778,58.5971
202.68699999999998,32.76177777777778,69.772
335.1839999999999,-3.47125,90.0
314.71620833333327,-2.9741944444444446,90.0
74.56620833333334,-16.299388888888892,90.0
160.8833333333333,-13.28888888888889,80.8
321.80104166666666,-30.060694444444444,90.0
317.26699999999994,-26.9055,67.1
211.49329166666666,-12.069555555555555,94.4
91.75662499999997,-69.35475,65.742
41.288,-55.738,80.8
266.05104166666666,50.55127777777778,80.8
53.62854999999999,-27.320580555555555,16.07
23.512458333333328,-1.079388888888889,69.6859
64.40799999999999,36.292138888888886,84.4
74.081875,-15.80075,82.5432
111.25175,23.784166666666668,82.3294
119.10520833333332,27.013555555555556,98.173
259.9302916666666,-77.35844444444444,40.0
321.39175,-40.27869444444444,76.2
333.9200416666666,-45.85238888888889,27.0
193.7048333333333,58.881972222222224,38.06
64.20958333333331,1.860888888888889,45.0
188.76054166666665,8.544083333333333,90.0
351.48445833333335,13.950249999999999,49.1
17.824333333333332,33.11244444444445,70.77
38.16441666666666,0.6195,93.0474
27.180041666666664,-48.650194444444445,95.34
108.97770833333331,-57.343583333333335,9.0
174.83041666666665,89.10166666666666,91.23
194.84999999999997,27.99652777777778,86.67
208.53641666666664,60.68066666666667,45.49
213.03287499999996,-49.39536111111111,38.0
333.50787499999996,-26.929055555555557,33.0
195.10745833333328,-15.288833333333333,73.49
202.35429166666663,11.796222222222221,97.03
3.8737499999999994,17.328055555555554,81.21
20.407416666666663,5.294416666666667,32.0
64.99512499999999,-54.94402777777778,8.0
156.37079166666663,-39.83088888888889,20.0
55.381249999999994,-19.90011111111111,22.0
145.51987499999996,0.3308333333333333,30.0
247.91091666666662,59.62394444444445,80.0
23.21279166666666,-12.189305555555556,82.58
121.60149999999999,1.0358611111111111,68.05
146.5570833333333,-30.453611111111112,32.0
269.8265833333333,45.87561111111111,85.3
157.21274999999997,-35.60619444444445,32.0
59.23416666666667,8.512527777777779,80.8
105.68179166666664,-28.62366666666667,25.0
302.881625,-45.69938888888888,80.8
55.48958333333333,-4.705861111111111,48.0
131.31254166666665,27.82272222222222,94.4
120.61829166666664,9.394694444444443,50.0
16.031999999999996,-51.13483333333333,97.0
56.51479166666666,12.704305555555555,99.0
159.15166666666664,-27.479027777777777,71.7
85.48329166666666,18.497500000000002,68.2501
111.86033333333333,33.811611111111105,58.1
70.035,7.35,74.542
83.20599999999999,-14.096083333333334,39.0
43.51458333333333,2.9620555555555557,45.04
91.53824999999999,83.84133333333332,82.58
197.27183333333332,17.07286111111111,94.4
217.16024999999996,30.63597222222222,57.65
162.76624999999999,65.77972222222222,48.64
114.17762499999998,74.443,55.9034
178.70520833333333,-16.862111111111112,26.881
252.55824999999996,55.37444444444444,78.48
178.46262499999997,33.362861111111116,47.715
142.23983333333334,-14.805722222222222,30.063
105.64191666666666,50.59027777777778,94.4
133.95041666666665,78.21711111111111,20.74
181.13724999999997,20.203166666666664,91.69
207.26345833333332,-28.066555555555556,62.6
178.9398333333333,55.326055555555556,12.61
283.89933333333335,-53.72475,38.3
291.89016666666663,54.386472222222224,65.0954
280.9960833333333,-61.99619444444445,65.79
196.77787499999997,-1.1788888888888889,83.03
329.1732916666666,73.29691666666666,21.8
66.44816666666667,-67.81130555555555,82.58
26.35320833333333,-3.826472222222222,81.67
54.273374999999994,-5.032305555555555,62.17
29.40241666666666,-57.80022222222222,91.23
288.8930833333333,-54.62763888888889,83.03
169.6315,57.97691666666667,30.3
36.453708333333324,18.533333333333335,22.333
210.7737958333333,54.273672222222224,3.56
13.67525,36.76427777777778,90.32
102.14566666666664,-64.26513888888888,52.24
3.8567083333333323,17.319972222222223,81.21
334.3313333333333,35.580555555555556,93.97
50.226,37.868138888888886,75.3
23.428916666666666,34.81030555555555,62.6
24.72745833333333,-42.58577777777778,93.51
299.20108333333326,-37.327083333333334,54.05
346.51166666666666,34.110194444444446,85.76
52.39708333333333,40.867472222222226,75.76
35.77508333333333,43.04233333333333,90.0
149.70125,34.78425,67.1
44.26920833333333,49.795361111111106,67.1
34.69087499999999,-6.641805555555555,78.7331
133.69179166666666,39.53780555555555,59.3646
146.26437499999997,64.2598611111111,79.7966
341.1050833333333,-0.16722222222222222,72.7093
42.20666666666666,-8.075,67.1
210.4458333333333,9.49725,93.97
54.71395833333332,-35.592222222222226,28.883
197.24329166666664,-15.517805555555556,19.1
191.8100833333333,-10.06313888888889,34.7
71.37658333333331,-7.347972222222222,64.88
78.61775,-62.17194444444444,77.57
75.173125,62.244055555555555,78.03
63.391416666666665,27.54352777777778,59.91
202.67933333333332,-20.953888888888887,80.8
134.7328333333333,23.061777777777777,49.1
205.36524999999997,-32.000277777777775,99.0
351.4984583333333,-81.90925,55.4
57.89383333333333,37.07852777777778,77.57
305.9803333333333,-48.35480555555556,83.94
280.2802083333333,-41.794,85.3
186.8034583333333,9.420333333333332,6.4598
326.03549999999996,46.247527777777776,90.0
206.75699999999998,33.89333333333333,73.263
193.37229166666663,2.160833333333333,90.0
149.62044166666666,-10.88678611111111,90.0
163.8408333333333,7.697333333333334,96.6557
195.64024999999998,27.43647222222222,80.8
267.2029166666666,-60.70536111111112,86.67
3.484583333333333,-70.02797222222222,62.6
288.03420833333325,-32.12694444444445,86.22
305.9010833333333,-28.27872222222222,45.4355
118.73116666666665,72.60961111111111,51.5587
274.7341666666666,23.660277777777775,75.3271
266.2933333333333,18.140777777777778,45.49
216.02379166666665,33.04902777777777,29.898
234.98841666666667,-30.555333333333333,81.6926
61.85533333333332,1.75925,77.57
89.716375,-23.340055555555555,85.3
104.05579166666665,84.08061111111111,65.1225
53.39995833333332,-36.12713888888889,24.0
315.4957916666666,-48.27386111111111,83.49
43.92166666666666,-27.424333333333333,90.0
300.8535,-55.955333333333336,67.1
333.9285,37.24388888888889,83.49
153.20966666666664,12.682416666666667,40.0
349.40429166666667,14.002472222222222,66.24
152.53812499999998,-38.13475,74.2833
9.507291666666665,-13.860972222222221,62.6
195.15041666666664,27.5735,76.2
18.53108333333333,-32.652138888888885,53.6
58.57220833333332,36.51075,85.3
95.41024999999999,-59.71405555555556,36.0
163.34479166666665,16.77636111111111,15.794
195.34754166666664,-30.941444444444446,74.714
70.67141666666666,18.58325,53.6
318.59529166666664,15.244638888888888,70.7599
104.17879166666665,48.90286111111111,86.763
175.06599999999997,17.456166666666665,49.0827
210.4237083333333,33.82608333333334,79.1466
296.793,59.91663888888889,49.1
50.522484999999996,-15.387483055555554,31.705
218.14116666666663,-44.22438888888889,17.752
192.89591666666664,26.629277777777776,95.751
208.5028333333333,-7.928833333333333,40.0
280.65774999999996,-64.93708333333333,70.4426
197.58879166666662,-7.173361111111111,99.0
201.71383333333333,-10.025611111111113,86.0483
141.73654166666665,-24.78322222222222,35.407
198.81170833333329,-17.965444444444444,40.0
18.22883333333333,0.9793611111111111,17.058
250.3632083333333,57.78472222222222,78.8876
206.40087499999998,-7.325722222222222,97.17
232.50454166666663,12.986916666666666,59.7123
19.674,-7.444361111111111,79.619
207.72020833333332,-30.28602777777778,99.0
12.895166666666665,29.720805555555554,73.49
259.87608333333327,47.70127777777778,75.4633
334.5733333333333,40.56933333333334,17.263
150.02299999999997,-34.233694444444446,41.959
227.811875,46.153194444444445,83.5124
28.83629166666666,6.6098,78.0516
160.8674583333333,-25.864472222222222,66.394
321.6330416666666,12.180388888888888,77.57
345.611,32.52536111111111,99.0
282.905625,23.639055555555554,68.0825
196.962875,-0.8667777777777778,71.7
156.09295833333334,78.60652777777777,41.299
83.19424999999998,-14.045947222222223,46.5773
310.9732083333333,12.51436111111111,69.4594
35.67529166666666,28.266972222222222,76.2
45.97187499999999,-39.40561111111111,91.23
125.34349999999999,-13.31027777777778,68.7165
29.389749999999996,-2.0994444444444444,73.94
318.43670833333323,13.575972222222221,75.9944
65.9435,-51.59619444444445,90.0
178.33883333333333,20.752777777777776,92.9242
331.0897083333333,39.74277777777778,69.86
330.59099999999995,-18.916777777777778,39.2
214.61874999999998,36.50677777777778,47.9085
124.47295833333332,23.469749999999998,62.6
26.616249999999994,-58.67327777777778,32.9
142.78695833333333,46.38483333333333,75.7038
55.57033333333333,-4.721805555555556,62.7258
266.6154166666666,30.703666666666667,73.4939
136.62791666666664,-75.81708333333333,69.3507
182.48204166666667,29.897583333333333,9.0025
172.26820833333332,17.235972222222223,53.6
45.54520833333333,15.927444444444443,76.2
207.24654166666667,-30.290694444444448,67.779
336.0550416666666,36.083555555555556,89.6211
29.723791666666667,5.590333333333333,87.356
356.78279166666664,29.486527777777777,77.2976
53.876208333333324,38.283138888888885,83.3759
197.58199999999997,32.47380555555556,79.1466
176.26491666666664,19.97372222222222,76.1306
178.8784583333333,11.923972222222222,94.545
77.93316666666666,67.4915,91.6737
117.18374999999997,54.61125,84.878
128.6388333333333,-2.543361111111111,62.6
343.75820833333336,-39.65958333333333,25.8
186.12908333333334,75.53572222222222,24.863
295.97187499999995,-70.63111111111111,76.2
98.49066666666666,-34.80766666666666,90.0
65.946625,-51.60080555555556,92.6366
301.1452083333333,12.738,65.79
338.52,68.44,65.0049
99.12499999999999,-66.73166666666667,90.0
341.412,73.16186111111112,22.08
294.27554166666664,-42.29736111111111,90.0
182.65316666666664,18.8265,36.424
7.312999999999999,2.866,63.07
57.08241666666666,70.13180555555554,18.0
64.476125,-56.61255555555556,99.8609
185.48987499999996,4.471805555555556,23.1
119.62541666666665,-14.354166666666666,31.0
127.40916666666664,-17.296472222222224,84.969
52.059124999999995,38.01975,78.94
180.880375,2.0429166666666667,84.878
162.13462499999997,26.588305555555554,94.4
41.288624999999996,-55.73802777777778,80.8
54.25616666666666,32.08380555555556,67.1
148.92549999999997,69.67386111111112,2.998
132.78395833333332,71.84275,51.9055
228.8217083333333,75.48597222222223,99.91
182.6675833333333,-34.061305555555556,94.4
26.033291666666667,-61.118722222222225,95.6824
143.79854166666667,-16.404916666666665,67.1
182.2917083333333,31.573805555555555,90.0
311.3420416666666,-50.73477777777778,58.1
196.28183333333334,-37.95133333333334,67.1
163.22191666666666,-32.92635,48.7362
3.0065666666666666,26.393683333333332,67.2993
43.19329166666666,-34.314588888888885,98.54
226.46491666666665,-5.6269583333333335,94.4
236.74454166666666,17.884041666666665,49.0827
121.53083333333332,-22.563572222222223,73.8569
194.86371666666665,14.171052777777778,29.496
92.87708333333333,-16.48431111111111,84.9554
214.099875,39.50250555555556,87.6154
247.8895833333333,-67.86782777777778,71.136
157.37816666666663,-35.25977777777778,27.471
149.9982083333333,9.999880555555555,89.074
211.68612499999998,-34.45484444444445,62.6
162.65979166666668,12.296997222222222,94.6957
130.05004166666663,-4.591944444444444,63.7838
139.629375,74.31861111111111,44.114
194.67399999999998,-32.12388611111111,78.038
334.0492083333333,37.47392222222222,80.8422
198.8868333333333,3.5006416666666667,91.3087
27.292999999999996,5.639805555555555,79.3284
42.248208333333324,3.169575,62.2422
300.7569583333333,-21.913416666666667,83.5898
35.80504166666666,-4.517222222222222,80.7058
337.67490416666664,39.29311666666666,75.4633
28.52516666666666,-56.695138888888884,88.846
37.59654583333333,-20.683352777777777,72.4236
9.824916666666665,3.950038888888889,79.1603
94.01604166666665,-16.824944444444444,93.367
33.99229166666666,12.237388888888889,84.85
168.54598749999997,48.31867777777778,31.705
46.2859,37.9002,71.7
101.25700833333332,63.249969444444446,99.91
142.55705833333332,69.11737222222222,60.36
107.49452083333333,-65.1324861111111,99.0
332.29017083333326,-47.13402222222222,25.957
5.3378749999999995,-48.64176111111111,51.212
126.78387916666665,27.811594444444445,91.368
22.846583333333328,60.320458333333335,83.94
278.98599999999993,-63.3739,49.6678
277.51,39.9651,82.1793
194.24499999999998,-15.5363,90.41
277.04299999999995,-71.6941,53.4689
328.366,-34.406,53.6
28.302399999999995,-49.5603,92.5453
292.252,-51.971000000000004,72.13
299.67199999999997,-52.3566,84.9098
52.31936666666666,-23.978641666666665,90.0
36.576966666666664,-9.83608888888889,31.302
159.44975,-27.08533333333333,33.8
353.12041666666664,23.936444444444444,77.4339
213.96337499999996,-48.134055555555555,61.5056
336.7018333333333,35.518705555555556,90.1227
149.91641666666663,35.39505555555556,76.9343
173.84517916666664,-21.715252777777778,54.3072
171.9918333333333,-11.716666666666667,90.0
47.20199999999999,-35.230900000000005,66.7063
336.1851875,12.360569444444444,76.2
116.54204166666666,-71.37358333333333,85.3
210.56666666666666,-53.541333333333334,56.165
14.031583333333332,-68.39255555555556,90.0
240.71283333333332,47.225,91.0213
351.65437499999996,-0.2897222222222222,90.0
6.999666666666666,30.766527777777778,94.974
177.35616666666664,-5.1205,24.9
206.8004583333333,-24.37141666666667,89.452
290.98337499999997,-59.925555555555555,58.1
310.9714166666666,12.508444444444445,69.41
322.84895833333326,43.60866666666667,80.8
327.71225,-70.34136111111111,53.6
354.4300833333333,-47.51091666666667,45.0
37.136916666666664,20.285472222222225,61.27
349.1805,33.99655555555556,76.2
27.723166666666664,-36.00855555555555,85.3
16.834916666666665,32.39994444444444,76.2
31.593874999999997,-52.02408333333333,88.04
47.42712499999999,40.974805555555555,90.0
193.64804166666664,-12.571833333333332,67.1
170.94116666666662,-1.105888888888889,83.49
212.47966666666665,17.532083333333333,72.5596
226.37541666666664,1.633888888888889,18.064
340.36204166666664,39.28944444444444,77.5065
114.06566666666666,-69.50638888888889,24.04
163.67566666666667,-21.0705,55.669
109.44041666666665,23.34461111111111,33.781
325.82037499999996,43.579888888888895,85.3
122.31062499999997,0.2807222222222222,77.9153
194.85499999999996,27.7401,90.8708
206.92962499999996,-30.9325,66.6791
50.42666666666666,42.09713888888889,80.8
212.86037916666666,1.2859638888888887,91.69
22.846583333333328,60.32044444444445,83.94
203.3202083333333,-16.12622222222222,91.9475
49.97695833333332,41.56486111111111,91.23
42.40004166666666,-31.223305555555555,96.25
49.838624999999986,41.49025,56.8642
102.65304166666665,31.11237777777778,50.44
278.98645833333325,-63.373916666666666,49.6678
87.81449999999998,-38.31727777777778,46.4109
162.20599166666665,-20.263633333333335,53.6
342.6417916666666,-1.542361111111111,45.3456
310.8433333333333,80.15405555555556,71.7
331.1481666666666,42.325750000000006,64.023
177.72720833333332,2.3059999999999996,67.1
217.78858333333332,27.236055555555556,67.1
277.5100416666666,39.96551111111111,82.1793
194.24536249999997,-15.536252777777777,90.41
182.0283333333333,65.17719444444445,19.908
277.0435041666666,-71.6941138888889,53.4689
192.4223333333333,-11.09288888888889,62.1518
199.17820833333332,-55.29996944444444,71.7
124.78104166666665,-78.69833333333334,86.581
47.20183333333333,-35.230805555555555,67.1
273.12233333333324,31.279805555555555,90.0
44.622024999999994,40.06465277777777,90.0
203.66099999999997,-23.681430555555558,38.594
330.015,-30.185277777777777,76.67
328.36617499999994,-34.40581944444444,76.2
5.3462499999999995,22.43563888888889,94.4
50.130916666666664,41.511361111111114,66.69
36.84041666666666,-23.92925,76.2486
24.883458333333326,33.82668055555556,72.3012
310.166125,-54.310066666666664,48.7048
339.2464166666667,-25.232119444444443,51.0769
227.95616666666666,46.25089444444444,81.6835
249.41166666666666,72.37349999999999,64.2812
18.526958333333333,-32.65716666666667,53.3788
274.8982083333333,23.78588888888889,62.6
28.302254166666664,-49.560963888888885,92.5453
274.62041666666664,36.31883333333334,94.4
272.0270833333333,25.408694444444443,71.7
91.11724999999998,-20.34026111111111,43.02
37.32283333333333,18.087869444444443,73.49
292.255,-51.9705,62.6
140.86675,-23.16965,40.0
3.6443749999999997,48.25225,83.49
124.36179166666663,21.690430555555555,53.14
267.0515833333333,17.62543888888889,95.2073
156.02216666666666,16.741019444444447,83.4669
55.91020833333333,46.159102777777775,75.0865
299.67212499999994,-52.356569444444446,85.3
33.319291666666665,-7.661333333333333,72.8907
317.28283333333326,-18.103947222222224,90.0
98.10483333333332,-71.56777777777778,27.0
134.27171249999998,-20.03494166666667,83.2849
101.009,12.396622222222222,58.1
62.29266666666666,21.44041111111111,95.2987
63.031749999999995,-32.85303611111111,15.389
121.86425,25.12915,93.0931
189.18004166666663,26.113519444444446,93.6728
121.80479166666665,5.683247222222223,94.4
214.6989,24.94083888888889,78.48
187.7875,-35.93048888888889,89.498
198.36079999999998,27.806841666666667,94.4
184.88099999999997,49.81785,61.2481
106.36129166666665,-76.0093,96.71
145.64379166666666,10.99316111111111,94.4
37.665375,42.23580555555556,86.22
237.65679166666663,-58.73350833333333,90.0
31.46091666666667,18.37506388888889,99.0
86.92670833333332,-79.21428888888889,77.2703
272.33695833333326,18.298969444444445,81.0104
166.897875,22.851269444444444,99.0
65.70712499999999,-82.06935833333333,90.0
267.6254958333333,-1.8020611111111111,77.9471
125.99449999999997,-6.898391666666666,97.853
349.0612083333333,-42.56969444444445,23.841
258.60116666666664,20.31401111111111,93.3487
179.69491666666664,15.719130555555555,77.57
218.14341666666664,-44.13409444444444,17.752
130.20479166666667,73.48753888888889,53.9782
190.7109708333333,-30.41206111111111,64.611
55.711499999999994,-1.8747166666666666,41.793
161.10579166666665,-32.20911944444445,44.114
255.79899999999995,61.457238888888895,88.769
275.82470833333326,-43.141869444444445,90.3371
144.15083749999997,-63.948391666666666,43.593
167.44508333333332,-13.380738888888889,66.512
218.7195833333333,40.748019444444445,85.3105
312.4535458333333,-25.70071111111111,88.9691
165.80374999999998,11.077833333333333,96.0616
286.7159541666667,-36.958758333333336,80.8
86.69695833333333,-16.783416666666668,31.794
231.99551666666662,42.84685833333334,83.44
204.1668333333333,-33.967025,55.6914
263.10856666666666,7.063161111111111,24.685
200.8295833333333,-19.621408333333335,74.9958
185.25374999999997,-53.53058333333333,90.0
242.16420833333328,12.011169444444445,72.3601
177.8794583333333,15.457005555555554,94.4
192.15004166666665,-41.32598055555556,43.998
18.142666666666663,0.2919805555555556,85.8388
345.634125,32.58699444444445,89.4706
150.077375,54.539741666666664,23.315
152.7169583333333,-66.64731111111112,28.454
227.31167916666664,-11.334100000000001,27.453
289.6974583333333,-84.69758055555556,76.3712
176.84695833333333,23.36488055555556,76.9343
277.9242208333333,16.65144722222222,72.9814
299.1610833333333,-38.60772222222222,81.1014
209.33999999999997,-34.7735,62.667
20.060166666666664,3.4027666666666665,34.377
303.8560708333333,-37.511725,91.4456
29.115629166666665,36.800061111111106,88.313
43.92762916666666,75.15431111111111,64.1727
95.39487499999998,-27.21486388888889,24.0
80.49529166666665,3.4849194444444445,64.6702
330.67679166666665,-32.79263888888889,39.683
88.27004166666664,-17.86763888888889,45.0
333.1434583333333,38.677138888888884,92.3308
157.00909166666665,-42.10575,81.4197
84.13199999999998,16.64238888888889,78.5832
300.9369958333333,-27.988325,89.9586
40.95170833333333,32.52602777777778,67.689
176.8414583333333,89.08598333333333,91.3863
32.11666666666666,6.387944444444445,52.4911
295.9178749999999,56.110083333333336,50.415
239.37391249999996,15.872594444444445,78.0516
75.80477083333332,-22.83310277777778,69.0789
52.392708333333324,10.97311111111111,71.7
65.84308333333334,25.411327777777775,94.4
196.35004166666664,56.32418055555556,37.441
359.09103749999997,32.45669166666667,72.13
20.403875,-3.593213888888889,73.49
327.0838083333333,-34.95288888888889,72.3601
38.609249999999996,32.93731666666666,67.191
77.18329166666666,70.47563333333333,72.4055
39.010666666666665,43.47208611111111,31.0
16.887749999999997,32.40833333333333,76.235
173.2940833333333,-10.221780555555556,95.6824
79.83454166666665,-17.61158888888889,90.0
62.258916666666664,-1.160111111111111,75.023
69.96145833333334,7.06525,70.1073
28.190391666666667,-48.890030555555555,92.8785
175.70696666666666,77.37027777777777,24.997
183.1120583333333,29.149208333333334,60.331
167.6853208333333,4.847488888888889,86.809
198.30099999999996,-19.520899999999997,41.869
92.23670833333333,-27.79582777777778,45.0804
123.3776125,71.42920277777779,96.71
209.60944166666664,-34.51609166666667,76.2
105.73124999999999,62.7725,67.915
353.6519583333333,-4.534533333333333,32.792
11.984274999999998,22.37318888888889,87.2054
112.51695833333332,54.43644444444444,94.2482
201.97404166666664,-29.61853888888889,62.6
14.382916666666665,30.185230555555556,90.0
48.13999999999999,39.32091666666667,65.34
268.02554166666664,21.56597222222222,91.692
155.91833333333332,-35.825211111111116,69.7901
227.3563333333333,25.471544444444444,99.2937
177.757625,-28.74406388888889,25.787
191.271875,-44.00656388888889,72.8272
162.10599583333334,-25.15995,55.8898
175.28325833333332,24.81955,53.6492
190.38058333333333,26.033099999999997,38.638
269.4174666666666,50.03858611111111,76.2
34.971999999999994,29.034083333333335,74.5556
188.9347083333333,-0.2211138888888889,99.0
261.4130833333333,59.44674722222222,81.438
128.34283333333335,-76.62773888888889,85.3
254.49479166666663,-62.73158333333333,87.58
215.18099999999998,13.695166666666667,91.4091
145.08941666666664,-6.988822222222223,94.4
274.38420833333333,19.444580555555557,43.89
21.466841666666664,-1.3671305555555555,80.8
332.0589583333333,-25.06155,81.7972
54.896220833333324,-6.325080555555555,92.6
274.05449999999996,55.59088888888889,80.8
307.14808333333326,25.735644444444446,62.17
242.8683333333333,45.453250000000004,67.1
229.86929166666664,-9.88056388888889,76.2
243.82261249999996,-61.13153888888889,71.7
46.72983333333333,41.50913888888889,71.7
257.5465,21.649036111111112,67.1
64.52562083333332,-63.615744444444445,76.2
303.12464583333326,-44.11001666666667,85.3
18.825458333333334,-6.859038888888889,90.0
86.27972083333333,-79.39664444444445,78.8558
309.3657916666666,-37.72136944444445,80.8
14.724679166666665,-24.19632777777778,90.0
104.61464999999998,-28.763566666666666,33.808
149.52545833333332,10.35933611111111,80.3284
332.9549999999999,38.70041666666667,97.8441
121.39420833333334,-11.437861111111111,23.435
117.78991249999999,62.086711111111114,96.5506
43.900124999999996,43.05758888888889,94.0062
44.088633333333334,-32.18576944444444,72.995
75.19216666666667,-29.858883333333335,93.5633
151.44980416666667,-17.43453611111111,74.3877
143.91358333333335,-17.38647222222222,63.1779
127.901625,-59.785777777777774,96.9939
39.61604166666666,29.75901111111111,75.9626
318.75429166666663,-47.21038888888889,73.8115
46.51208333333333,-15.611580555555555,38.638
332.2070833333333,38.15136944444444,90.0
175.59859166666664,10.264205555555556,97.5881
353.3374166666666,4.809627777777777,80.3
192.10395833333334,-5.794222222222222,18.38
49.210833333333326,80.78458333333333,33.826
171.83839999999995,59.630072222222225,76.4439
157.46816666666663,20.66936388888889,86.126
136.1538208333333,-19.78603888888889,83.7263
51.50882083333333,-17.563041666666667,65.245
120.02974999999999,58.70970833333334,86.276
94.66367916666665,-54.47078888888889,69.2148
87.64433749999998,13.299202777777777,49.1
220.3871833333333,48.20400555555556,80.8
161.63774999999998,13.741944444444444,45.2332
101.59945416666666,43.82438333333334,94.4628
155.73167916666665,18.795633333333335,94.4
106.7896,26.324925,96.25
17.847179166666663,13.160097222222223,85.3
136.66496666666666,19.33818611111111,49.0062
142.229875,49.23813888888889,40.0
178.2323458333333,36.98621111111111,13.8
193.45099166666662,-39.69698888888889,44.55
80.63483333333332,-11.48718611111111,36.124
210.91267916666663,-33.97855555555556,61.5508
66.70554166666666,29.95175,78.2969
184.88011666666665,49.81415833333333,61.2481
289.0894208333333,-40.128880555555554,89.224
94.37689999999999,62.49109166666667,67.1
61.94256666666665,-29.859472222222223,62.6
197.2388583333333,28.28127222222222,87.6382
179.3181208333333,36.41630833333333,94.8876
95.59129583333332,29.32286111111111,99.1748
118.38452499999998,65.41684444444445,45.0
277.2020833333333,50.373111111111115,73.7072
234.96733333333333,-44.59576944444445,49.1
102.82684583333332,49.88358611111111,85.078
221.44791666666663,50.39694444444444,59.6581
208.37139166666663,40.27538888888889,34.525
324.63415416666663,-4.703302777777778,80.8
204.05422916666663,38.35506111111111,62.7394
336.70223749999997,35.51875833333333,90.1227
192.5116833333333,-14.766730555555556,58.3714
328.9918,27.899,87.6428
117.58045833333331,-72.87633055555555,78.7059
219.43834999999999,52.72675277777778,49.1
238.13026666666664,-15.329780555555555,45.0
41.729920833333324,-24.806669444444445,99.362
267.4331458333333,48.460011111111115,50.44
18.601533333333332,-7.475466666666667,80.8
41.584399999999995,44.9551,83.49
44.16372083333333,47.52616944444444,66.1225
334.6921208333333,-36.80135,73.5121
156.82262916666664,26.53308611111111,94.6181
175.3647083333333,-38.63419444444445,61.5192
158.95955833333332,-34.27291111111111,57.3199
177.18195833333334,14.051197222222223,47.427
108.93042499999999,-71.91945,79.85
54.72368333333333,66.29511944444444,90.0
157.34149999999997,29.510666666666665,20.07
32.52392916666666,-32.93879444444444,49.8748
327.6580374999999,36.456786111111114,90.0
49.59914999999999,-1.9304777777777777,99.0
344.73038749999995,40.932677777777776,76.176
48.82654166666666,42.695541666666664,78.5695
155.67620833333334,46.245333333333335,75.6448
45.00181249999999,30.988375,85.3
345.73000833333333,8.40276388888889,96.71
88.30521666666664,-73.11580277777777,90.0
124.96209583333331,-14.715183333333332,89.8035
139.7815208333333,-6.699947222222223,90.442
131.11938749999996,-31.690469444444446,72.4236
190.65179166666664,-40.746405555555555,65.1859
47.1342625,-10.040766666666666,90.0
110.53794999999998,-29.226511111111108,45.1523
266.62069999999994,30.70692222222222,73.4939
232.63189166666663,82.44901944444445,97.2361
334.54570833333327,45.719480555555556,85.7932
333.63525416666664,-69.36998888888888,47.3867
325.97266249999996,-10.18395,90.0
280.5661083333333,24.896941666666667,49.3527
334.9322874999999,36.4098,90.0
170.7145875,-7.590338888888889,72.58
177.11383333333333,12.727219444444444,61.2933
178.25779999999997,-6.064069444444444,98.2419
10.213708333333331,2.840463888888889,80.2648
129.6902583333333,-14.68019722222222,63.63
6.564604166666666,21.80997222222222,81.6926
275.20548749999995,38.01486666666667,90.0
166.00079166666666,-18.77661111111111,57.5275
167.255125,-14.636202777777777,90.0
184.9272125,-12.225730555555556,62.215
46.08925416666666,-16.02416388888889,58.4617
181.4484125,-27.94407222222222,27.132
78.61887499999999,-62.1705,45.0
125.92247083333332,21.434361111111112,76.9161
6.0941624999999995,38.19743333333333,76.2
40.998124999999995,32.52825,90.0
189.9499583333333,-48.29445,80.6149
186.84037499999997,64.79991666666666,40.46
158.68570416666665,11.052075,99.45
222.28899999999996,38.4088,65.4799
77.15416666666665,-69.04833333333333,0.0500101
200.69304166666666,-12.990416666666667,82.5569
39.32320833333333,7.293361111111111,97.533
77.37916666666666,-67.5213888888889,0.0500101
79.89583333333331,-69.03583333333333,0.0500101
83.50833333333333,-69.9175,0.0500101
86.95416666666667,-70.415,0.0500101
83.57499999999999,-70.55722222222222,0.0500101
84.02916666666665,-70.64361111111111,0.0500101
86.84166666666665,-69.69055555555556,0.0500101
76.42499999999998,-67.8775,0.0500101
77.20833333333334,-68.51388888888889,0.0500101
77.79583333333332,-67.98555555555555,0.0500101
77.24583333333332,-68.72638888888889,0.0500101
29.1471,-0.28857299999999997,94.4
225.70833333333331,-41.93333333333333,0.00218
6.339583333333333,64.14083333333333,0.00275
262.67499999999995,-21.483333333333334,0.0051
220.74999999999997,-62.5,0.0025
204.98291666666663,-31.641944444444444,2.7
196.47166666666666,37.60194444444445,3.0
39.83749999999999,40.87222222222222,8.0
190.69999999999996,2.6933333333333334,13.5
218.35037499999999,4.444888888888889,26.0
179.42916666666662,53.375,19.0
140.4633333333333,50.99777777777778,13.1
186.2583333333333,12.9,17.5
197.8492083333333,3.4104444444444444,44.0
187.92520833333333,3.9465833333333338,13.6
181.5313333333333,47.51058333333334,9.0
186.3534583333333,18.15536111111111,14.7
189.11362499999996,11.440166666666666,14.6
38.895833333333336,37.625,49.99
298.62499999999994,-12.575,22.0
183.19004166666664,10.858555555555554,13.0
177.65954166666666,55.35033333333333,17.0
41.50874999999999,-7.580666666666667,16.7
179.75416666666663,52.693333333333335,15.7
193.06249999999997,-1.1816666666666666,10.0
154.93749999999997,45.50333333333333,11.2
162.10458333333332,12.545277777777777,18.0
134.33749999999998,2.9166666666666665,57.0
197.20416666666662,-6.778333333333333,21.0
175.32416666666666,47.692499999999995,62.0
350.04999999999995,8.198333333333334,53.0
183.04999999999998,13.237777777777778,27.75
198.95666666666665,41.987500000000004,8.0
263.1083333333333,7.066666666666666,23.0
162.10833333333332,26.585,94.4
204.96958333333333,-31.66916666666667,2.7
350.4208333333333,8.875,52.0
347.2041666666666,12.05,56.75
186.61666666666665,31.206666666666667,16.6
339.6541666666666,34.06333333333333,19.0
94.10833333333332,-21.356666666666666,16.0
210.325,54.425,67.6
354.72499999999997,-12.953333333333333,24.0
119.58749999999999,25.135,74.0
210.86666666666665,-6.0216666666666665,38.0
20.441666666666666,5.226666666666667,32.0
38.26208333333332,-10.76388888888889,52.24
338.73749999999995,37.195,80.3
177.6808333333333,55.35916666666667,17.0
186.4088333333333,12.889861111111111,17.5
50.74583333333332,-37.21333333333333,12.6
188.6232083333333,2.1998055555555553,12.3
50.662499999999994,-37.235,12.6
192.6375,-9.45,71.7
194.89999999999995,27.963333333333335,100.0
108.64049999999999,84.38658333333333,32.0
183.3458333333333,28.491666666666667,58.1
211.78733333333332,55.01872222222222,25.0
193.0870833333333,-1.2033333333333334,10.0
318.7731666666666,-47.22913888888889,46.0
221.22916666666663,1.9533333333333334,25.0
27.554583333333333,27.198611111111113,37.0
155.87212499999998,19.865250000000003,18.0
170.13541666666666,57.78194444444444,28.78
186.73220833333332,15.05475,17.0
138.4264583333333,76.47325000000001,19.0
180.68349999999995,1.9791111111111113,22.0
161.65224999999998,13.750166666666667,43.0
201.40191666666664,-43.031555555555556,2.8
72.15124999999999,-6.322777777777778,67.1
96.4875,-22.011666666666667,27.0
184.921125,2.0740555555555558,32.9
303.0249999999999,-55.245,67.1
111.86008333333332,80.1585,28.0
349.7638333333333,-8.477083333333333,35.0
117.86666666666665,14.021666666666667,71.7
29.23333333333333,-5.398333333333333,73.2218
114.4125,41.95,82.0
117.96299999999998,2.8125277777777775,80.8
217.23749999999998,13.855,79.0239
171.99591666666663,29.505944444444445,37.0
170.05804166666664,13.00525,9.0
146.96145833333333,72.97069444444445,99.0
189.41966666666664,11.82375,20.0
275.50754166666667,66.60338888888889,67.1
42.068437499999995,-10.252077777777778,68.2954
172.2012083333333,20.79407777777778,93.8966
187.20942916666664,-1.944075,35.752
193.37345416666662,-5.431791666666667,70.139
194.2706458333333,29.088725,90.0
176.11925416666662,10.783697222222223,88.527
142.16507083333332,38.563075,55.6418
210.9115125,-33.97705277777778,61.5508
290.284,43.32866944444445,76.2
181.93657083333332,-32.01343888888889,99.28
10.289791666666664,16.461641666666665,81.5425
269.04895,62.75695277777778,67.1
72.60095833333332,-61.34702777777778,88.449
68.35654166666666,-4.265830555555556,67.177
108.91964166666665,30.769419444444445,90.0
48.08175416666666,41.28223888888889,90.0
72.512025,82.64854444444445,81.3424
296.18519583333335,-28.387019444444444,72.0427
20.489391666666666,50.04663611111111,93.9148
279.4630708333333,37.470933333333335,97.3275
148.64640416666666,-19.887297222222223,58.1
239.67954999999998,26.81935,63.6752
232.62376249999997,-12.601808333333333,95.1479
179.86387916666664,-20.444791666666667,96.2581
154.07854166666667,-33.56365833333333,43.503
132.30497499999998,-14.293816666666666,79.4193
217.13335416666666,27.408305555555554,64.4169
240.27616666666663,19.450169444444445,64.88
185.01571666666666,5.343319444444444,32.5
208.60099166666666,-48.512458333333335,40.87
111.59222499999998,36.23372777777778,67.1
170.3602083333333,3.0146805555555556,25.952
251.6452208333333,62.826888888888895,85.5018
175.56124999999997,20.097519444444444,89.544
142.2434625,-14.80548888888889,30.063
198.72263749999996,27.008641666666666,68.8252
304.9866291666666,49.90564722222222,90.0
156.83816249999998,0.422175,99.0
146.58929166666664,3.0732694444444446,89.772
197.9149833333333,22.915533333333332,38.921
286.2255666666666,-11.10425,49.1
160.2591833333333,-27.08343888888889,70.9683
338.35012916666665,11.5122,99.0
186.35075416666666,18.203477777777778,16.0
187.2449583333333,3.5728027777777775,13.036
264.29587499999997,-74.38277777777778,77.302
328.1238041666667,42.90687777777778,94.4
17.09837083333333,33.133744444444446,70.0937
27.680095833333333,-21.772530555555555,90.0
32.30323333333333,18.932041666666667,49.1
197.6574458333333,36.628791666666665,16.15
179.31116666666662,49.29222222222222,11.516
67.3580625,16.570644444444444,61.6547
138.53745833333332,40.07811111111111,37.787
17.645120833333333,2.113975,76.2
101.44017083333333,-31.234844444444445,41.72
354.67028333333326,15.954030555555555,59.685
61.85030416666665,30.288833333333336,83.2712
44.26419166666667,-34.51119166666667,96.5186
7.423291666666667,-51.53638055555555,49.9964
31.705595833333334,44.58757777777778,77.2204
190.69485416666663,2.6595138888888887,13.881
37.83820833333333,43.46478888888889,87.7841
317.4521958333333,15.14861111111111,71.7
81.01877499999999,-23.024058333333333,14.2
138.08566666666664,-24.172069444444446,10.219
293.2157916666667,-45.222294444444444,74.1926
141.06784166666665,49.24848888888889,39.204
21.028699999999997,12.921475,36.724
297.65501666666665,10.580747222222222,76.2
60.31726249999999,31.73418888888889,80.1602
182.90419583333332,0.32226388888888885,91.3041
18.283604166666667,28.67700277777778,31.0
272.9629,14.982469444444444,33.884
112.03341666666665,-62.35803055555556,48.2548
345.2494583333333,40.910599999999995,45.0
293.34304166666664,-58.12285,65.5297
149.45424166666663,-13.629505555555555,90.0
315.04587499999997,-4.0670111111111105,90.0
